title,price,star_rating,availability,category,price_gbp,rating,in_stock,price_inr
Sharp Objects,Â£47.82,Four,In stock,Mystery,47.82,4,True,5045.01
"In a Dark, Dark Wood",Â£19.63,One,In stock,Mystery,19.63,1,True,2070.96
The Past Never Ends,Â£56.50,Four,In stock,Mystery,56.5,4,True,5960.75
A Murder in Time,Â£16.64,One,In stock,Mystery,16.64,1,True,1755.52
The Murder of Roger Ackroyd (Hercule Poirot #4),Â£44.10,Four,In stock,Mystery,44.1,4,True,4652.55
The Last Mile (Amos Decker #2),Â£54.21,Two,In stock,Mystery,54.21,2,True,5719.16
That Darkness (Gardiner and Renner #1),Â£13.92,One,In stock,Mystery,13.92,1,True,1468.56
Tastes Like Fear (DI Marnie Rome #3),Â£10.69,One,In stock,Mystery,10.69,1,True,1127.79
A Time of Torment (Charlie Parker #14),Â£48.35,Five,In stock,Mystery,48.35,5,True,5100.92
A Study in Scarlet (Sherlock Holmes #1),Â£16.73,Two,In stock,Mystery,16.73,2,True,1765.02
Poisonous (Max Revere Novels #3),Â£26.80,Three,In stock,Mystery,26.8,3,True,2827.4
Murder at the 42nd Street Library (Raymond Ambler #1),Â£54.36,Four,In stock,Mystery,54.36,4,True,5734.98
Most Wanted,Â£35.28,Three,In stock,Mystery,35.28,3,True,3722.04
Hide Away (Eve Duncan #20),Â£11.84,One,In stock,Mystery,11.84,1,True,1249.12
Boar Island (Anna Pigeon #19),Â£59.48,Three,In stock,Mystery,59.48,3,True,6275.14
The Widow,Â£27.26,Two,In stock,Mystery,27.26,2,True,2875.93
Playing with Fire,Â£13.71,Three,In stock,Mystery,13.71,3,True,1446.41
What Happened on Beale Street (Secrets of the South Mysteries #2),Â£25.37,Five,In stock,Mystery,25.37,5,True,2676.54
The Bachelor Girl's Guide to Murder (Herringford and Watts Mysteries #1),Â£52.30,Five,In stock,Mystery,52.3,5,True,5517.65
Delivering the Truth (Quaker Midwife Mystery #1),Â£20.89,Four,In stock,Mystery,20.89,4,True,2203.9
Tipping the Velvet,Â£53.74,One,In stock,Historical Fiction,53.74,1,True,5669.57
Forever and Forever: The Courtship of Henry Longfellow and Fanny Appleton,Â£29.69,Three,In stock,Historical Fiction,29.69,3,True,3132.3
A Flight of Arrows (The Pathfinders #2),Â£55.53,Five,In stock,Historical Fiction,55.53,5,True,5858.42
The House by the Lake,Â£36.95,One,In stock,Historical Fiction,36.95,1,True,3898.23
Mrs. Houdini,Â£30.25,Five,In stock,Historical Fiction,30.25,5,True,3191.38
The Marriage of Opposites,Â£28.08,Four,In stock,Historical Fiction,28.08,4,True,2962.44
Glory over Everything: Beyond The Kitchen House,Â£45.84,Three,In stock,Historical Fiction,45.84,3,True,4836.12
"Love, Lies and Spies",Â£20.55,Two,In stock,Historical Fiction,20.55,2,True,2168.02
A Paris Apartment,Â£39.01,Four,In stock,Historical Fiction,39.01,4,True,4115.55
Lilac Girls,Â£17.28,Two,In stock,Historical Fiction,17.28,2,True,1823.04
The Constant Princess (The Tudor Court #1),Â£16.62,Three,In stock,Historical Fiction,16.62,3,True,1753.41
The Invention of Wings,Â£37.34,One,In stock,Historical Fiction,37.34,1,True,3939.37
World Without End (The Pillars of the Earth #2),Â£32.97,Four,In stock,Historical Fiction,32.97,4,True,3478.34
The Passion of Dolssa,Â£28.32,Five,In stock,Historical Fiction,28.32,5,True,2987.76
Girl With a Pearl Earring,Â£26.77,One,In stock,Historical Fiction,26.77,1,True,2824.24
Voyager (Outlander #3),Â£21.07,Five,In stock,Historical Fiction,21.07,5,True,2222.89
The Red Tent,Â£35.66,Five,In stock,Historical Fiction,35.66,5,True,3762.13
The Last Painting of Sara de Vos,Â£55.55,Two,In stock,Historical Fiction,55.55,2,True,5860.52
The Guernsey Literary and Potato Peel Pie Society,Â£49.53,One,In stock,Historical Fiction,49.53,1,True,5225.42
Girl in the Blue Coat,Â£46.83,Two,In stock,Historical Fiction,46.83,2,True,4940.56
Worlds Elsewhere: Journeys Around Shakespeareâs Globe,Â£40.30,Five,In stock,Nonfiction,40.3,5,True,4251.65
The Five Love Languages: How to Express Heartfelt Commitment to Your Mate,Â£31.05,Three,In stock,Nonfiction,31.05,3,True,3275.78
Reasons to Stay Alive,Â£26.41,Two,In stock,Nonfiction,26.41,2,True,2786.26
#HigherSelfie: Wake Up Your Life. Free Your Soul. Find Your Tribe.,Â£23.11,Five,In stock,Nonfiction,23.11,5,True,2438.1
"Unseen City: The Majesty of Pigeons, the Discreet Charm of Snails & Other Wonders of the Urban Wilderness",Â£44.18,Four,In stock,Nonfiction,44.18,4,True,4660.99
Throwing Rocks at the Google Bus: How Growth Became the Enemy of Prosperity,Â£31.12,Three,In stock,Nonfiction,31.12,3,True,3283.16
The Life-Changing Magic of Tidying Up: The Japanese Art of Decluttering and Organizing,Â£16.77,Three,In stock,Nonfiction,16.77,3,True,1769.24
The Gutsy Girl: Escapades for Your Life of Epic Adventure,Â£37.13,One,In stock,Nonfiction,37.13,1,True,3917.22
The Electric Pencil: Drawings from Inside State Hospital No. 3,Â£56.06,One,In stock,Nonfiction,56.06,1,True,5914.33
Spark Joy: An Illustrated Master Class on the Art of Organizing and Tidying Up,Â£41.83,Four,In stock,Nonfiction,41.83,4,True,4413.06
Reskilling America: Learning to Labor in the Twenty-First Century,Â£19.83,Two,In stock,Nonfiction,19.83,2,True,2092.06
In the Country We Love: My Family Divided,Â£22.00,Four,In stock,Nonfiction,22.0,4,True,2321.0
Everydata: The Misinformation Hidden in the Little Data You Consume Every Day,Â£54.35,Two,In stock,Nonfiction,54.35,2,True,5733.92
Call the Nurse: True Stories of a Country Nurse on a Scottish Isle,Â£29.14,Five,In stock,Nonfiction,29.14,5,True,3074.27
Algorithms to Live By: The Computer Science of Human Decisions,Â£30.81,One,In stock,Nonfiction,30.81,1,True,3250.46
The Power of Now: A Guide to Spiritual Enlightenment,Â£43.54,Two,In stock,Nonfiction,43.54,2,True,4593.47
The Omnivore's Dilemma: A Natural History of Four Meals,Â£38.21,Two,In stock,Nonfiction,38.21,2,True,4031.16
The Genius of Birds,Â£17.24,One,In stock,Nonfiction,17.24,1,True,1818.82
The Artist's Way: A Spiritual Path to Higher Creativity,Â£38.49,Five,In stock,Nonfiction,38.49,5,True,4060.7
So You've Been Publicly Shamed,Â£12.23,Two,In stock,Nonfiction,12.23,2,True,1290.27
